ID,Species,Dive_time
1,California_sea_lion,day
2,California_sea_lion,day
3,California_sea_lion,day
4,Grey_seal,day
5,Grey_seal,night
6,Grey_seal,night
7,Grey_seal,night
8,Southern_sea_lion,night
9,Southern_sea_lion,day
10,Grey_seal,day
11,Grey_seal,night
12,Grey_seal,day
13,Grey_seal,day
14,Grey_seal,day
15,Grey_seal,day
16,Southern_sea_lion,day
17,California_sea_lion,day
18,Grey_seal,night
19,Grey_seal,day
20,Grey_seal,day
21,Grey_seal,night
22,Grey_seal,day
23,Grey_seal,day
24,California_sea_lion,night
25,California_sea_lion,night
26,Grey_seal,day
27,Grey_seal,day
28,Southern_sea_lion,day
29,Grey_seal,night
30,Grey_seal,day
31,Grey_seal,night
32,Southern_sea_lion,night
33,Grey_seal,day
34,Southern_sea_lion,night
35,Southern_sea_lion,night
36,Grey_seal,night
37,California_sea_lion,night
38,California_sea_lion,day
39,California_sea_lion,day
40,Southern_sea_lion,day
41,Southern_sea_lion,night
42,Grey_seal,day
43,Southern_sea_lion,night
44,California_sea_lion,day
45,Grey_seal,night
46,California_sea_lion,night
47,California_sea_lion,night
48,Southern_sea_lion,night
49,Southern_sea_lion,day
50,California_sea_lion,day
51,California_sea_lion,night
52,Southern_sea_lion,day
53,California_sea_lion,night
54,California_sea_lion,night
55,California_sea_lion,night
56,Grey_seal,day
57,Grey_seal,day
58,Grey_seal,day
59,Grey_seal,night
60,Grey_seal,day
61,California_sea_lion,day
62,Southern_sea_lion,night
63,California_sea_lion,day
64,California_sea_lion,day
65,Grey_seal,night
66,Southern_sea_lion,night
67,Grey_seal,day
68,Southern_sea_lion,night
69,California_sea_lion,day
70,Southern_sea_lion,day
71,Grey_seal,day
72,Southern_sea_lion,day
73,Southern_sea_lion,day
74,Grey_seal,night
75,California_sea_lion,night
76,California_sea_lion,night
77,California_sea_lion,night
78,Southern_sea_lion,night
79,California_sea_lion,day
80,Southern_sea_lion,night
81,Grey_seal,night
82,Southern_sea_lion,night
83,Southern_sea_lion,night
84,Grey_seal,day
85,Southern_sea_lion,night
86,Grey_seal,night
87,California_sea_lion,night
88,Grey_seal,day
89,Grey_seal,day
90,Southern_sea_lion,night
91,California_sea_lion,day
92,Grey_seal,day
93,Grey_seal,day
94,Southern_sea_lion,night
95,California_sea_lion,day
96,California_sea_lion,day
97,California_sea_lion,night
98,Grey_seal,night
99,Grey_seal,night
100,Grey_seal,day
101,Grey_seal,day
102,Grey_seal,day
103,Grey_seal,night
104,Grey_seal,night
105,Grey_seal,day
106,Southern_sea_lion,day
107,Southern_sea_lion,day
108,Grey_seal,day
109,Southern_sea_lion,day
110,Southern_sea_lion,day
111,Grey_seal,night
112,Grey_seal,night
113,California_sea_lion,night
114,California_sea_lion,day
115,California_sea_lion,night
116,Grey_seal,night
117,Grey_seal,day
118,Grey_seal,day
119,Southern_sea_lion,night
120,California_sea_lion,day
121,California_sea_lion,day
122,Grey_seal,night
