Plant,Species,Habitat,Leaf_Area,Leaf_Thickness,Seed_dry_mass,Root_radius,Leaf_Carbon,Leaf_Nitrogen,Leaf_Phosphorus,Plant_height,Leaf_dry_matter,Altitude,Latitude
1,acre,meadow,78.6838,0.2386,62.4546,0.5649,46.4657,1.1347,0.8171,9.8717,0.1051,240.575,54.6835
2,acre,seashore,57.4783,0.2299,24.2918,0.51,43.0898,1.2876,0.7494,7.7173,0.3236,244.62,56.8608
3,acre,seashore,59.8481,0.1764,31.3952,0.5416,48.4033,1.68,1.8004,8.2849,0.0311,257.185,51.5066
4,acre,meadow,59.3941,0.2706,46.3244,0.5722,46.4618,1.0581,0.3058,8.9683,0.1081,239.495,57.1117
5,acre,seashore,68.0653,0.2055,37.7172,0.5464,46.1533,1.3928,1.043,6.7394,0.1186,262.025,53.3459
6,acre,seashore,61.0705,0.2171,48.7394,0.5185,44.3633,1.3756,1.3392,8.5347,0.103,247.74,56.886
7,acre,meadow,57.1291,0.1605,43.2157,0.5052,43.8346,2.3987,1.0483,7.6875,0.0679,259.625,53.1854
8,acre,meadow,49.0115,0.2437,40.3343,0.5745,47.3643,1.0732,0.4301,8.1295,0.1481,257.91,54.0759
9,acre,meadow,60.8865,0.2081,35.877,0.5406,47.9425,1.0621,1.1109,8.4319,0.0254,262.475,54.4447
10,acre,meadow,69.3272,0.2219,39.6819,0.5272,44.5885,1.8607,1.3941,7.3724,0.0507,257.48,52.556
11,acre,meadow,67.6055,0.1991,52.1138,0.5404,44.4746,1.9742,0.6009,7.8645,0.1333,254.855,55.9581
12,acre,meadow,38.2459,0.1783,45.5808,0.531,45.291,1.3293,1.3875,8.3351,0.0199,256.84,51.9892
13,acre,meadow,48.7137,0.2267,20.3112,0.5565,46.2471,1.5413,0.0546,9.956,0.0383,242.805,56.2901
14,acre,seashore,51.9421,0.2822,33.8555,0.5121,44.4762,2.6642,1.2911,6.7104,0.0264,261.025,51.7204
15,acre,meadow,65.6917,0.1771,40.9783,0.5671,49.8078,1.1296,1.0375,8.8574,0.2508,244.95,56.9102
16,acre,seashore,56.3025,0.2106,37.7163,0.5397,42.5909,2.664,0.7983,7.8265,0.004,249.5,51.0946
17,acre,seashore,40.9787,0.1794,43.9297,0.5381,45.2585,1.4919,0.6629,9.5951,0.1058,241.805,54.3405
18,acre,meadow,57.8489,0.1978,49.5645,0.5515,47.1703,1.4451,1.0198,9.2317,0.1267,261.175,56.5679
19,acre,meadow,47.9514,0.1699,46.2955,0.5307,43.933,1.978,0.9097,7.9689,0.3516,250.145,57.3035
20,acre,meadow,65.8316,0.167,39.6002,0.5081,41.7712,2.1333,1.3745,7.6167,0.0476,245.9,56.8768
21,acre,meadow,74.1046,0.2164,36.5631,0.533,44.5782,1.3171,1.2244,8.6459,0.0436,257.13,52.8147
22,acre,seashore,69.3554,0.2753,48.0813,0.5583,47.0827,1.7468,1.0372,9.1754,0.0116,249.58,51.1358
23,acre,seashore,73.5931,0.2044,43.0491,0.5509,45.5235,1.0623,0.9032,8.5198,0.2728,247.185,55.3995
24,acre,seashore,67.8782,0.2442,39.989,0.5257,47.5664,2.4747,1.5938,10.159,0.0949,237.805,52.6201
25,acre,seashore,59.8931,0.2558,38.9728,0.5238,44.2352,1.7984,1.3099,9.3098,0.0359,258.27,51.9701
26,acre,seashore,52.2213,0.1859,33.3736,0.5307,43.6505,1.1192,0.6391,7.206,0.0593,261.97,52.7047
27,acre,seashore,42.1537,0.1855,50.0797,0.5323,44.8865,1.8396,1.3568,9.5229,0.264,242.035,57.3718
28,acre,meadow,87.7814,0.2446,45.2214,0.5349,44.2078,1.6329,1.2148,8.2054,0.0162,247.115,54.5294
29,acre,seashore,76.6901,0.1973,40.5554,0.5456,49.6443,1.667,1.2276,8.6761,0.0279,247.565,53.9762
30,acre,meadow,78.2511,0.2026,43.8964,0.5314,45.9919,1.098,1.4396,7.7286,0.2803,247.225,56.9077
31,acre,seashore,58.2755,0.1607,42.2356,0.5474,45.5759,1.2156,0.9765,8.7569,0.0285,239.775,57.1579
32,acre,seashore,39.9328,0.1668,35.6086,0.5109,42.8832,1.2377,1.0879,7.8554,0.0549,261.41,52.7994
33,acre,seashore,62.1088,0.2114,48.2459,0.5037,41.1584,2.1967,0.7092,7.8878,0.0337,253.52,52.1662
34,acre,meadow,67.5594,0.1327,40.3913,0.5536,46.5106,1.8942,0.9695,7.0419,0.1532,256.945,54.4343
35,acre,seashore,73.0604,0.2432,40.5577,0.5556,44.0818,1.4795,0.7713,8.957,0.0908,248.965,53.614
36,acre,seashore,36.5886,0.1182,56.3129,0.5814,47.9055,1.3293,1.5793,6.4898,0.0704,253.35,54.3607
37,acre,seashore,72.9667,0.1567,42.5682,0.5241,44.4064,1.4738,1.5155,8.0288,0.3312,238.425,56.0958
38,acre,seashore,69.432,0.1916,38.4985,0.5481,43.6851,2.2424,0.5043,7.1815,0.1419,256.785,57.2483
39,acre,meadow,71.8666,0.2096,35.2627,0.5592,46.059,0.4763,1.1139,7.5818,0.1774,260.105,54.6802
40,acre,meadow,77.4165,0.2342,29.1375,0.5357,43.7249,1.9858,0.5491,8.0469,0.2539,245.51,55.0327
41,acre,seashore,73.1616,0.1162,52.3032,0.536,44.6247,1.8423,1.3915,7.965,0.0927,245.42,56.3077
42,acre,meadow,56.521,0.1684,50.4404,0.5238,43.7601,1.7542,1.5125,7.8518,0.0258,246.805,53.0393
43,acre,seashore,53.2854,0.1824,41.9277,0.5247,43.8386,1.452,0.8281,8.4767,0.1064,240.38,54.3403
44,acre,meadow,51.3556,0.1232,40.8811,0.5279,43.8954,1.3899,0.8626,7.791,0.243,248.415,54.8759
45,acre,meadow,49.7247,0.1708,44.695,0.532,43.3771,0.6761,0.8422,9.3288,0.0338,238.985,52.6718
46,acre,meadow,58.4794,0.2298,24.791,0.5503,47.0311,1.9593,0.6987,10.8225,0.0401,246.66,55.15
47,acre,meadow,54.4253,0.1573,27.8513,0.5727,48.7794,1.6523,0.0678,8.4216,0.0842,238.08,52.8013
48,acre,meadow,59.2599,0.1574,40.3665,0.5262,47.1094,1.82,1.232,9.3933,0.0098,253.79,51.3648
49,acre,meadow,69.3084,0.2104,54.1704,0.5164,44.0917,2.0484,1.4771,9.5833,0.064,250.94,52.39
50,acre,seashore,48.9967,0.1845,39.4078,0.5243,42.3703,1.2412,0.6002,10.2704,0.1278,244.785,57.1367
51,acre,seashore,58.9494,0.2455,30.6473,0.5527,46.541,2.0989,0.7182,8.6799,0.0057,260.165,51.0454
52,acre,seashore,41.8275,0.2326,41.9392,0.5523,45.5378,1.2945,1.3407,8.4382,0.2114,252.005,56.5324
53,acre,seashore,62.0105,0.1862,35.0171,0.5425,42.9917,1.3068,0.3447,8.0143,0.0441,246.28,54.2752
54,acre,meadow,53.8059,0.1889,35.6161,0.5355,43.6353,2.2597,0.6255,9.7177,0.0064,242.985,51.0373
55,acre,seashore,60.5228,0.2575,35.9952,0.5501,48.0588,2.4571,1.3086,8.425,0.0195,245.96,54.9175
56,acre,meadow,46.5039,0.2768,39.9273,0.5615,47.5264,1.3816,0.8615,8.4879,0.1205,240.29,53.0899
57,acre,seashore,73.2866,0.2227,41.2663,0.5505,45.7932,0.8858,1.4614,8.501,0.3453,240.365,56.637
58,acre,seashore,56.9825,0.1967,39.8758,0.5324,44.0095,1.0112,1.4263,6.9876,0.2227,259.935,56.1665
59,acre,seashore,51.8372,0.2208,34.2542,0.543,46.2721,0.8499,0.8091,9.1111,0.0417,256.255,51.8897
60,acre,seashore,50.6436,0.2429,47.3052,0.5334,43.6333,0.9947,1.4127,7.8382,0.0086,242.68,51.5519
61,acre,seashore,41.7102,0.1945,34.5992,0.551,45.2344,1.4166,0.327,6.9205,0.0479,259.64,52.2689
62,acre,meadow,59.7116,0.2778,37.3059,0.5328,42.4386,2.5502,0.6272,8.156,0.0683,246.975,55.328
63,acre,meadow,56.3176,0.1804,44.6363,0.526,44.0347,1.4481,1.2089,10.0188,0.0365,252.265,54.7366
64,acre,meadow,65.4111,0.144,36.3584,0.5288,45.9159,1.3871,1.4465,9.2343,0.321,256.605,56.7137
65,acre,meadow,41.7882,0.207,33.4458,0.5529,46.127,0.8117,1.2756,10.405,0.0075,256.805,51.6895
66,acre,meadow,61.8978,0.1694,32.9092,0.5261,43.2461,1.0157,1.0944,7.0026,0.0214,256.835,53.4351
67,acre,seashore,49.955,0.1888,47.1598,0.5489,45.2012,1.2497,1.0355,9.3539,0.0319,244.55,54.1138
68,acre,meadow,70.512,0.202,32.466,0.537,44.0543,0.6447,0.5505,8.3336,0.1471,255.32,55.305
69,acre,meadow,57.6791,0.2256,46.2973,0.5667,46.7401,1.2011,0.709,8.5117,0.1476,248.025,54.1329
70,acre,meadow,65.7033,0.1596,35.7222,0.5432,44.5138,1.5863,1.3475,8.4053,0.0052,242.895,51.0068
71,acre,meadow,59.2086,0.145,23.7901,0.5355,43.9065,1.3917,1.2498,10.0744,0.1862,242.185,56.0581
72,acre,seashore,53.509,0.2519,45.3905,0.5668,47.4351,1.6693,0.8563,6.4679,0.1708,239.84,57.3823
73,acre,meadow,67.248,0.2364,39.4155,0.5322,45.587,2.1081,1.4044,8.2018,0.0759,245.605,53.744
74,acre,meadow,55.537,0.1989,40.9936,0.5576,44.9216,0.9507,0.5441,9.1397,0.3939,242.915,57.2802
75,acre,meadow,59.4399,0.1433,32.1562,0.5125,43.5232,0.906,0.6335,8.7372,0.0201,260.28,52.7569
76,acre,seashore,48.5371,0.1979,45.4882,0.5218,44.1728,1.4968,1.1538,8.2304,0.0103,238.145,51.1556
77,acre,seashore,56.4228,0.1271,44.0352,0.5132,42.9438,1.7471,1.0637,9.3957,0.0031,243.76,50.969
78,acre,meadow,48.986,0.2604,35.7984,0.5409,46.4672,1.3854,0.8979,9.3357,0.1874,256.82,57.4408
79,album,meadow,67.4026,0.1705,50.5562,0.5272,44.5848,0.6898,1.303,7.1134,0.0942,245.595,52.9936
80,album,seashore,66.6962,0.1947,30.1713,0.5363,43.9484,1.7815,0.8404,7.7792,0.0356,261.47,54.0897
81,album,meadow,49.332,0.1475,48.0918,0.563,45.4525,1.5617,0.7331,8.5595,0.153,252.115,57.1029
82,album,seashore,68.6282,0.2052,42.3539,0.5686,44.0485,0.6914,0.4326,10.5242,0.0989,246.605,53.7892
83,album,meadow,74.8003,0.2617,37.6154,0.5435,46.3552,1.6163,0.855,8.283,0.0257,259.535,57.1846
84,album,meadow,56.0936,0.2454,34.7939,0.5237,43.491,0.905,1.2099,9.0568,0.0252,237.88,57.0593
85,album,seashore,49.4237,0.181,52.2406,0.5038,42.6899,1.7542,1.3981,8.3602,0.2817,250.115,56.9353
86,album,seashore,43.6241,0.1851,57.3548,0.5234,44.7277,1.1865,0.8089,7.8306,0.0997,257.275,52.7763
87,album,meadow,51.4254,0.1591,42.8465,0.5471,45.0277,1.6083,1.1672,8.1469,0.0037,261.305,51.069
88,album,meadow,51.826,0.1575,35.5198,0.552,48.4571,1.6382,1.1386,8.3829,0.0445,256.48,51.983
89,album,meadow,70.6887,0.1528,36.6989,0.5747,46.5334,0.3782,0.7014,8.4008,0.2414,260.32,56.6061
90,album,meadow,37.8059,0.2097,51.0139,0.5107,41.4874,1.6959,0.8774,8.6145,0.0335,241.605,53.6114
91,album,seashore,74.1303,0.2145,41.4232,0.5451,44.6483,1.1552,0.8975,9.1076,0.0301,260.66,53.4202
92,album,seashore,58.983,0.2032,55.9715,0.5492,44.5779,1.0133,0.7979,8.2908,0.0344,256.625,53.7202
93,album,meadow,54.7626,0.1905,44.0112,0.5133,45.3474,2.3572,1.8494,8.3014,0.1522,246.97,57.3805
94,album,meadow,66.7662,0.2171,41.915,0.5431,44.3483,1.872,0.8317,7.8131,0.0528,249.185,52.752
95,album,seashore,50.4555,0.1975,47.3445,0.5264,42.6557,1.2707,1.2044,6.5328,0.1081,262.02,53.0802
96,album,seashore,53.3882,0.2354,32.3357,0.5222,43.7707,0.6472,1.3927,8.6201,0.0631,251.65,52.8262
97,album,seashore,69.6393,0.1967,44.6668,0.5413,45.7352,1.7487,1.4966,8.5932,0.0715,249.905,52.8975
98,album,meadow,49.981,0.2285,36.5777,0.5055,40.7414,2.24,0.6786,8.3354,0.0255,257.255,52.1151
99,album,seashore,39.0357,0.3096,24.4942,0.5724,45.6008,0.4337,0.4699,8.1152,0.0996,247.9,56.311
100,album,meadow,71.1133,0.2513,35.9577,0.5372,48.2699,1.0357,1.6113,8.0453,0.0345,246.895,52.1597
101,album,meadow,41.2099,0.2179,36.0761,0.5411,46.2848,1.1719,1.0397,8.5137,0.1006,257.705,53.5232
102,album,seashore,59.6012,0.2604,37.2443,0.5511,45.5326,0.6135,0.8759,7.318,0.1073,241.77,53.6721
103,album,seashore,74.4905,0.2149,45.0151,0.5351,44.7509,0.7087,1.1638,6.988,0.2215,249.455,54.8529
104,album,seashore,59.0758,0.1286,42.0777,0.5114,40.8744,2.5537,1.1851,8.3841,0.0414,253.205,52.243
105,album,meadow,66.1547,0.1433,22.4948,0.5419,46.1312,1.9968,0.9529,6.9604,0.1328,255.765,54.3818
106,album,meadow,63.501,0.2084,46.9169,0.536,44.6822,1.6045,0.5196,9.781,0.1039,259.25,53.9855
107,album,meadow,62.4747,0.2036,43.2327,0.5382,46.1823,1.5174,1.5851,8.5034,0.0909,242.11,56.8169
108,album,meadow,62.1977,0.1637,29.3605,0.5243,44.1932,0.601,1.6017,9.9003,0.0271,241.985,53.9519
109,album,seashore,56.9375,0.333,55.2165,0.5418,46.1994,1.2372,1.6927,6.9768,0.0104,262.42,51.466
110,album,meadow,36.2107,0.1861,45.7938,0.5212,43.5832,1.6178,1.2499,8.5976,0.2444,259.14,57.0544
111,album,seashore,67.8553,0.2087,43.5002,0.5508,46.642,1.8216,0.2921,8.3989,0.1558,237.85,53.5309
112,album,meadow,59.0604,0.1949,42.1846,0.5329,45.266,1.0387,0.1429,10.5692,0.1704,251.97,54.3512
113,album,seashore,71.7377,0.2242,33.8529,0.5556,45.7701,1.9752,0.0119,7.6019,0.1581,249.13,56.4399
114,album,meadow,58.0858,0.2565,35.8083,0.5343,45.9727,1.7993,0.9364,9.3091,0.329,250.95,57.2107
115,album,meadow,46.8166,0.1356,42.9009,0.5399,44.8253,1.4107,1.1933,7.9033,0.0722,258.48,53.1831
116,album,seashore,65.9075,0.1782,36.2483,0.5211,41.8602,2.0771,1.3301,5.4439,0.2454,258.505,55.046
117,album,meadow,67.9055,0.2046,31.554,0.5259,44.3663,1.5589,1.349,9.4918,0.0254,245.1,56.067
118,album,seashore,61.5357,0.15,27.0237,0.5344,43.796,1.7247,1.1349,7.1091,0.0276,259.96,53.2187
119,album,meadow,71.4475,0.2081,35.3261,0.5355,43.3361,1.1274,1.412,8.4054,0.0968,250.38,53.396
120,album,meadow,47.3751,0.2475,42.2666,0.5473,46.2248,1.5372,1.3035,6.4315,0.0669,259.715,53.6953
121,album,seashore,61.8166,0.1433,29.8523,0.5426,46.0551,0.7785,1.1762,9.6708,0.181,245.195,57.1786
122,album,meadow,60.1432,0.2898,45.3434,0.554,44.7465,1.923,0.7809,8.4248,0.0065,244.025,51.1622
123,album,seashore,52.0294,0.1802,42.589,0.5347,44.9548,1.8612,0.4468,8.4909,0.0957,250.205,55.382
124,album,seashore,58.4949,0.2279,33.8918,0.5546,45.0621,1.9638,0.5503,8.2563,0.0311,246.05,55.509
125,album,seashore,60.1182,0.2139,51.217,0.5558,45.8372,1.6835,0.3514,9.7007,0.0058,249.02,51.1312
126,album,meadow,54.5076,0.2412,37.4135,0.5173,43.4139,1.3329,1.1493,9.8907,0.1791,238.995,54.9341
127,album,seashore,68.5548,0.2314,47.025,0.5351,47.3869,1.9469,1.2405,9.3883,0.1997,245.85,54.95
128,album,meadow,75.0807,0.1772,31.1917,0.5572,48.6716,2.1207,0.5963,8.3316,0.0494,248.125,52.5117
129,album,seashore,80.3875,0.2304,32.0905,0.5822,47.5427,0.5851,0.4481,8.0563,0.2402,254.395,55.1628
130,album,meadow,49.8297,0.2267,36.0554,0.5519,45.1144,0.0788,0.4842,8.0775,0.0843,256.805,56.7281
131,album,meadow,68.043,0.2088,33.5677,0.526,44.0466,1.0889,0.9822,9.5485,0.0549,249.475,52.9368
132,album,meadow,68.8707,0.2613,31.6987,0.526,43.7833,2.1773,0.491,9.0763,0.0172,242.82,51.2999
133,album,meadow,59.9262,0.2124,35.5975,0.5403,44.4734,0.0072,1.4478,7.1264,0.227,239.21,55.3278
134,album,seashore,52.9992,0.292,35.896,0.5218,46.1942,2.0077,1.5655,8.8246,0.054,258.495,57.4225
135,album,seashore,45.1428,0.1808,31.1378,0.5309,44.105,1.3726,1.0215,9.9182,0.0631,257.755,51.9307
136,album,seashore,78.3448,0.2418,34.0233,0.5662,44.6095,0.8468,0.2301,9.2342,0.1292,257.66,53.9997
137,album,seashore,80.4223,0.2572,46.1606,0.5522,46.4062,1.3625,0.8356,6.8463,0.0906,254.18,56.2298
138,album,seashore,49.5398,0.1971,33.7363,0.5212,44.0899,1.6726,1.7991,8.6888,0.0683,253.13,57.1755
139,album,seashore,66.8065,0.245,33.2335,0.5301,46.4135,2.4178,0.9596,8.4995,0.06,243.77,52.7201
140,album,seashore,36.6664,0.2045,38.3627,0.5524,43.1328,1.2535,0.3922,7.4178,0.2457,257.16,55.1487
141,album,seashore,57.45,0.2257,42.3859,0.5253,43.1287,1.1359,0.9929,7.6507,0.0794,260.975,53.8441
142,sexangulare,seashore,52.7189,0.1192,39.3317,0.5105,45.0368,2.0972,1.4257,7.7225,0.1394,256.665,54.8621
143,sexangulare,meadow,60.2691,0.2172,53.595,0.5288,45.4261,1.2559,1.0688,7.9401,0.1177,256.975,54.8841
144,sexangulare,meadow,53.9393,0.1654,56.1799,0.5293,44.7052,1.7784,1.5146,8.7961,0.068,252.56,52.0271
145,sexangulare,seashore,65.7113,0.1984,48.8683,0.5544,47.9904,2.2574,0.7734,6.7144,0.1997,261.485,54.082
146,sexangulare,meadow,55.7173,0.2517,39.4091,0.517,43.0267,1.3267,0.9714,8.4016,0.0294,259.81,51.968
147,sexangulare,seashore,65.7005,0.1414,46.2533,0.5302,46.1282,2.3185,1.5252,10.5331,0.0097,240.695,51.1467
148,sexangulare,meadow,60.9717,0.149,34.8135,0.5484,46.7392,1.4584,0.9651,8.2488,0.1992,245.235,56.0943
149,sexangulare,seashore,65.9553,0.208,46.8661,0.5151,45.2184,2.2597,1.1922,9.569,0.0098,244.475,51.3709
150,sexangulare,seashore,65.7588,0.1484,35.4629,0.5157,41.1183,2.314,0.9627,8.5754,0.0686,245.43,52.6627
151,sexangulare,meadow,75.8593,0.2555,40.7238,0.555,45.4912,1.1515,0.7014,8.6444,0.1766,241.48,53.6601
152,sexangulare,seashore,54.0772,0.1976,32.4301,0.5627,44.1602,1.7251,0.5971,8.3957,0.0798,239.58,52.974
153,sexangulare,seashore,39.5379,0.2082,47.6018,0.5473,47.1912,1.7036,1.0088,9.4104,0.0777,238.335,52.1895
154,sexangulare,seashore,56.2021,0.2156,40.1977,0.5224,43.5141,1.8423,0.9864,8.7229,0.0935,254.53,54.0022
155,sexangulare,seashore,57.3215,0.2146,54.3035,0.548,46.9752,0.8834,1.549,9.3133,0.0972,238.87,55.7401
156,sexangulare,seashore,70.1211,0.2348,46.7462,0.5456,45.7447,1.2851,1.3688,8.1831,0.0416,248.815,54.6814
157,sexangulare,seashore,53.3254,0.1865,42.5353,0.496,41.2418,0.5537,0.9829,10.1831,0.0968,252.63,53.1169
158,sexangulare,meadow,50.0345,0.2439,41.016,0.5313,46.1358,1.7774,1.5823,10.1122,0.0267,256.845,51.7971
159,sexangulare,meadow,49.7569,0.2637,42.092,0.5599,47.4104,1.7453,0.3432,7.2477,0.1984,260.315,55.4684
160,sexangulare,meadow,60.1201,0.2001,55.4813,0.5426,47.2888,1.6835,1.4222,10.012,0.0157,248.065,52.9354
161,sexangulare,meadow,71.0822,0.1716,39.7655,0.54,46.2729,1.8751,0.8742,8.2416,0.0434,262.1,54.7158
162,sexangulare,meadow,39.0671,0.2075,32.576,0.5388,44.9226,2.1973,0.5935,7.5406,0.0052,239.805,51.2051
163,sexangulare,seashore,49.1507,0.2007,33.0043,0.5194,41.1086,0.8008,1.2445,9.5701,0.0119,244.48,52.0158
164,sexangulare,seashore,50.8229,0.167,39.9427,0.5466,44.5168,2.1477,0.8076,10.0568,0.1297,249.52,54.3655
165,sexangulare,seashore,68.9018,0.2071,36.6033,0.528,42.1217,1.2885,0.4827,7.4123,0.0205,247.41,52.3976
166,sexangulare,seashore,32.6911,0.2441,41.0188,0.5631,46.7712,1.999,1.0426,8.9907,0.0114,241.1,52.1638
167,sexangulare,seashore,57.2943,0.1342,51.6339,0.5301,44.487,1.4412,1.4478,7.4413,0.0542,246.645,52.1163
168,sexangulare,meadow,68.8941,0.1791,41.1491,0.5268,44.6156,1.8297,0.9371,8.8123,0.0057,242.64,51.1766
169,sexangulare,seashore,57.4343,0.2105,44.5836,0.5329,43.3157,0.7754,0.7391,8.6193,0.0146,255.545,51.1936
170,sexangulare,meadow,46.2702,0.2177,41.9542,0.5271,45.4565,1.4912,1.4736,7.0085,0.0909,242.12,54.4956
171,sexangulare,seashore,52.0756,0.153,29.6313,0.5267,43.7033,1.7644,1.2821,8.7971,0.0135,245.625,51.5399
172,sexangulare,seashore,58.2,0.1805,29.2573,0.5418,47.3501,3.2199,0.6584,6.0892,0.0844,257.55,53.9175
173,sexangulare,seashore,71.2225,0.2769,45.0119,0.5468,46.1869,1.8626,0.732,9.2447,0.0258,256.62,52.4678
174,sexangulare,meadow,65.161,0.2378,46.2572,0.5325,44.6573,1.7861,0.972,7.3169,0.025,260.205,51.6541
175,sexangulare,seashore,64.7198,0.1319,36.6603,0.5349,42.9214,1.7352,0.1837,7.8514,0.0872,257.855,53.4472
176,sexangulare,seashore,52.8231,0.1964,51.7119,0.5266,45.6177,2.3673,0.9524,9.0591,0.0671,252.14,54.5568
177,sexangulare,seashore,60.6973,0.1547,38.7287,0.5573,42.9079,0.5876,0.0978,7.1115,0.1026,244.71,54.6813
178,sexangulare,seashore,50.9419,0.1871,53.5315,0.5538,42.0925,0.9744,0.5586,6.8848,0.0476,261.415,52.1844
179,sexangulare,meadow,71.1451,0.184,44.3371,0.5339,45.4237,1.6903,1.1549,8.4156,0.2493,238.12,56.5672
180,sexangulare,meadow,80.9535,0.1762,27.8231,0.5311,44.8039,0.9438,0.837,8.1129,0.0415,241.245,54.5653
181,sexangulare,meadow,71.3473,0.2238,44.3963,0.5268,41.7301,1.9981,0.5888,8.5545,0.0952,245.495,52.4705
182,sexangulare,seashore,45.5425,0.2781,35.6365,0.5358,43.7547,1.2759,1.148,9.6348,0.0776,247.71,55.1847
183,sexangulare,seashore,49.8954,0.2339,31.3176,0.5252,44.7113,1.2953,1.4033,8.7372,0.0518,251.265,53.1744
184,sexangulare,seashore,66.2193,0.1787,34.3382,0.544,46.0746,0.9303,0.7049,8.9009,0.1227,247.07,54.5941
185,sexangulare,seashore,82.381,0.1401,33.4738,0.4911,38.2607,1.2044,1.144,8.4923,0.1907,247.23,57.0978
186,sexangulare,meadow,43.0582,0.2853,34.1034,0.5379,44.6957,1.9668,0.8863,7.6533,0.0944,258.065,54.5389
187,sexangulare,meadow,55.4778,0.1883,39.5096,0.5704,49.4055,1.5191,0.2644,7.4213,0.0176,245.74,51.4795
188,sexangulare,seashore,21.2973,0.2442,39.456,0.5345,42.9961,0.6914,1.337,8.7529,0.2193,245.17,54.5029
189,sexangulare,meadow,67.9434,0.2194,48.7557,0.5242,43.2982,1.9763,0.7426,8.1823,0.1666,248.915,53.6906
190,sexangulare,seashore,59.4314,0.187,39.8682,0.5273,44.3372,1.8669,1.0392,8.5561,0.2449,240.71,56.9486
191,sexangulare,meadow,67.0141,0.2457,48.7289,0.5485,45.2563,1.6184,0.9173,7.5661,0.0109,240.345,52.3872
192,sexangulare,seashore,67.4568,0.1943,20.7321,0.5427,45.8236,0.6697,1.002,9.1108,0.0716,241.545,52.332
193,sexangulare,seashore,71.8212,0.1838,27.1325,0.5359,44.5567,0.6855,0.7739,7.9518,0.0915,256.99,54.5827
194,sexangulare,meadow,64.7323,0.2118,38.2984,0.5311,46.1359,1.0753,1.7142,6.9489,0.0128,251.885,52.9333
195,sexangulare,meadow,28.0389,0.2994,38.0701,0.55,44.3194,0.1771,0.3232,9.3469,0.0725,238.47,52.0509
196,sexangulare,seashore,49.6388,0.2133,36.8058,0.5241,44.5419,2.0759,0.6953,7.0632,0.2089,248.285,55.6888
197,sexangulare,meadow,44.5689,0.2374,31.3896,0.5515,48.4585,2.0673,0.8661,8.4734,0.1925,245.08,55.3541
198,sexangulare,seashore,61.7418,0.2029,44.4733,0.5261,45.1907,1.3933,1.2469,8.9762,0.0634,247.105,52.341
199,sexangulare,meadow,60.3522,0.1961,43.3008,0.5202,42.4504,1.4326,1.0693,9.4183,0.1365,261.485,56.2761
200,sexangulare,seashore,47.37,0.1943,50.4549,0.5505,48.5495,1.478,1.4241,7.6181,0.3721,254.65,57.3229
